Name;Description
North Shore;test description
Burnie;test description
Lasbela;test description
Charlottetown;test description
Sechura;test description
Aizwal;test description
Dumaguete;test description
Scorrano;test description
Kuruman;test description
Yeongcheon;test description
Gansu;test description
Brodick;test description
León;test description
Tucapel;test description
Patos;test description
Murcia;test description
Introd;test description
Gumi;test description
Ledbury;test description
Nurallao;test description
Bragança;test description
Motueka;test description
Cañas;test description
Picton;test description
Seshego;test description
Jaén;test description
Lagos;test description
Norrköping;test description
Wolfurt;test description
Jinju;test description